pred_count,pred_mean,pred_std,pred_min,pred_max
17.0,41.014984130859375,0.0,41.014984130859375,41.014984130859375
