pred_count,pred_mean,pred_std,pred_min,pred_max
17.0,27.729461669921875,0.0,27.729461669921875,27.729461669921875
